frequency_multiple,load_multiple,stress,strain,temperature,life
1.3,1.8,178.71400000000006,0.026395000000000016,79.88849999999995,11902.330000000007
2.1,2.3,292.7360000000009,0.04371850000000008,105.19050000000016,7862.585999999995
1.7,1.4,166.27249999999964,0.024168500000000002,79.2039999999999,12263.623500000009
2.6,2.9,368.3499999999998,0.05373749999999989,118.91549999999978,6683.858000000011
1.9,2.1,257.1585000000004,0.038638000000000054,98.25750000000015,8717.36349999999
