temperature,humidity,pressure,wind_speed,precipitation,comfort_index
19.5,58.2,1012.3,14.5,3.2,72.64299999999999
26.8,67.5,1010.8,19.7,8.9,68.09799999999981
23.1,61.3,1011.5,16.2,5.4,70.45799999999988
31.2,75.8,1009.2,22.6,12.3,65.16400000000007
28.4,69.6,1010.1,20.3,9.7,66.82550000000009
